{
  "type": "FeatureCollection",
  "features": [
    {
      "type": "Feature",
      "geometry": {
        "type": "Polygon",
        "coordinates": [
          [
            [
              -9083776,
              3472687
            ],
            [
              -9080107,
              3371178
            ],
            [
              -9141257,
              3372401
            ],
            [
              -9083776,
              3472687
            ]
          ]
        ]
      },
      "properties": null
    },
    {
      "type": "Feature",
      "geometry": {
        "type": "Polygon",
        "coordinates": [
          [
            [
              -9091114,
              3291684
            ],
            [
              -9056870,
              3169384
            ],
            [
              -9006727,
              3203628
            ],
            [
              -9091114,
              3291684
            ]
          ]
        ]
      },
      "properties": null
    },
    {
      "type": "Feature",
      "geometry": {
        "type": "Polygon",
        "coordinates": [
          [
            [
              -9033633,
              3069099
            ],
            [
              -9077661,
              3014064
            ],
            [
              -9000612,
              2950469
            ],
            [
              -8983491,
              3023848
            ],
            [
              -9033633,
              3069099
            ]
          ]
        ]
      },
      "properties": null
    }
  ]
}