{
  "type": "FeatureCollection",
  "features": [
    {
      "type": "Feature",
      "geometry": {
        "type": "Polygon",
        "coordinates": [
          [
            [
              871171.92062322,
              6066591.9558524
            ],
            [
              871219.6937659,
              6066620.619738
            ],
            [
              871343.90393687,
              6066439.0817958
            ],
            [
              871262.68959431,
              6066314.8716249
            ],
            [
              871171.92062322,
              6066591.9558524
            ]
          ]
        ]
      },
      "properties": { "ref": "Campsite A", "restrictions": "No bonfires" }
    },
    {
      "type": "Feature",
      "geometry": {
        "type": "Polygon",
        "coordinates": [
          [
            [
              871893.29507767,
              6066663.6155664
            ],
            [
              872070.05570558,
              6066730.4979662
            ],
            [
              872127.38347679,
              6066716.1660234
            ],
            [
              872194.26587654,
              6066730.4979662
            ],
            [
              872246.81633349,
              6066701.8340805
            ],
            [
              872246.81633349,
              6066634.9516808
            ],
            [
              872146.49273386,
              6066458.1910529
            ],
            [
              871936.29090608,
              6066563.2919668
            ],
            [
              871893.29507767,
              6066663.6155664
            ]
          ]
        ]
      },
      "properties": { "ref": "Campsite B", "restrictions": "No alcohol" }
    },
    {
      "type": "Feature",
      "geometry": {
        "type": "Polygon",
        "coordinates": [
          [
            [
              871878.96313486,
              6066649.2836236
            ],
            [
              871759.53027817,
              6066606.2877952
            ],
            [
              871716.53444976,
              6066649.2836236
            ],
            [
              871692.64787842,
              6066763.939166
            ],
            [
              871754.7529639,
              6066802.1576802
            ],
            [
              871878.96313486,
              6066649.2836236
            ]
          ]
        ]
      },
      "properties": { "ref": "Campsite C", "restrictions": "No smoking" }
    },
    {
      "type": "Feature",
      "geometry": {
        "type": "Polygon",
        "coordinates": [
          [
            [
              872203.82050507,
              6066052.1193401
            ],
            [
              872323.25336177,
              6066147.6656255
            ],
            [
              872447.46353273,
              6066128.5563684
            ],
            [
              872600.3375893,
              6065966.1276833
            ],
            [
              872490.45936114,
              6065899.2452836
            ],
            [
              872342.36261884,
              6065865.8040837
            ],
            [
              872203.82050507,
              6066052.1193401
            ]
          ]
        ]
      },
      "properties": { "ref": "Campsite D", "restrictions": "No ball games" }
    },
    {
      "type": "Feature",
      "geometry": {
        "type": "Polygon",
        "coordinates": [
          [
            [
              872461.79547554,
              6066510.7415098
            ],
            [
              872552.56444663,
              6066553.7373382
            ],
            [
              872638.55610345,
              6066458.1910529
            ],
            [
              872457.01816127,
              6066276.6531107
            ],
            [
              872418.79964713,
              6066396.0859674
            ],
            [
              872461.79547554,
              6066510.7415098
            ]
          ]
        ]
      },
      "properties": { "ref": "Campsite E", "restrictions": "No bonfires" }
    },
    {
      "type": "Feature",
      "geometry": {
        "type": "Polygon",
        "coordinates": [
          [
            [
              870923.5002813,
              6065732.0392842
            ],
            [
              871033.37850946,
              6065755.9258555
            ],
            [
              871272.24422285,
              6065741.5939127
            ],
            [
              871210.13913737,
              6065641.2703131
            ],
            [
              871109.81553774,
              6065550.501342
            ],
            [
              870995.15999532,
              6065454.9550566
            ],
            [
              870899.61370996,
              6065330.7448857
            ],
            [
              870498.31931146,
              6065292.5263715
            ],
            [
              870646.41605376,
              6065593.4971704
            ],
            [
              870718.07576778,
              6065947.0184262
            ],
            [
              870851.84056728,
              6065975.6823118
            ],
            [
              870923.5002813,
              6065732.0392842
            ]
          ]
        ]
      },
      "properties": { "ref": "Campsite F", "restrictions": "No caravans" }
    },
    {
      "type": "Feature",
      "geometry": {
        "type": "Polygon",
        "coordinates": [
          [
            [
              871463.33679356,
              6065622.161056
            ],
            [
              871281.79885138,
              6065607.8291132
            ],
            [
              871320.01736553,
              6065531.3920849
            ],
            [
              871410.78633662,
              6065497.9508851
            ],
            [
              871449.00485076,
              6065364.1860856
            ],
            [
              871554.10576465,
              6065325.9675714
            ],
            [
              871673.53862135,
              6065311.6356286
            ],
            [
              871687.87056415,
              6065407.181914
            ],
            [
              871511.10993624,
              6065426.291171
            ],
            [
              871463.33679356,
              6065622.161056
            ]
          ]
        ]
      },
      "properties": { "ref": "Campsite G", "restrictions": "No smoking" }
    },
    {
      "type": "Feature",
      "geometry": {
        "type": "Polygon",
        "coordinates": [
          [
            [
              871358.23587967,
              6065899.2452836
            ],
            [
              871482.44605063,
              6065990.0142546
            ],
            [
              871630.54279294,
              6065994.7915689
            ],
            [
              871687.87056415,
              6065832.3628838
            ],
            [
              871706.97982122,
              6065698.5980843
            ],
            [
              871506.33262197,
              6065751.1485413
            ],
            [
              871358.23587967,
              6065899.2452836
            ]
          ]
        ]
      },
      "properties": { "ref": "Campsite H", "restrictions": "No alcohol" }
    },
    {
      "type": "Feature",
      "geometry": {
        "type": "Polygon",
        "coordinates": [
          [
            [
              871095.48359494,
              6066138.1109969
            ],
            [
              871057.2650808,
              6066052.1193401
            ],
            [
              871047.71045226,
              6065927.9091692
            ],
            [
              871143.25673762,
              6065927.9091692
            ],
            [
              871162.36599469,
              6066018.6781402
            ],
            [
              871305.68542272,
              6066071.2285972
            ],
            [
              871095.48359494,
              6066138.1109969
            ]
          ]
        ]
      },
      "properties": { "ref": "Campsite I", "restrictions": "No bonfires" }
    }
  ]
}